Mercedes-Benz Городской,"$ 13 657
1 200 000 сом",https://im.mashina.kg/tachka/images//4/f/9/4f9ecd2acca0d08ecb0e0c8c7ccb67fc_240x180.jpg,"2006 г., 2.7 л., механика городской, дизель руль слева, 256 000 км"
Mercedes-Benz Городской,"$ 8 535
750 000 сом",https://im.mashina.kg/tachka/images//b/a/3/ba34c243a07224bd912e4c0882312d22_240x180.jpg,"2001 г., 2.2 л., механика городской, дизель руль слева, 224 000 км"
Mercedes-Benz Городской,"$ 6 800
597 516 сом",https://im.mashina.kg/tachka/images//6/4/f/64f11e893ead1c7e666d21dea7c48190_240x180.jpg,"2003 г., 2.2 л., механика городской, дизель руль слева, 388 000 км"
Mercedes-Benz Городской,"$ 10 000
878 700 сом",https://im.mashina.kg/tachka/images//f/4/8/f483285b797c739f5cc0ac194f42a155_240x180.jpg,"2008 г., 2.2 л., механика городской, дизель руль слева, 456 000 км"
Mercedes-Benz Междугородный,"$ 14 000
1 230 180 сом",https://im.mashina.kg/tachka/images//3/0/d/30da1605810ef541360b9d9d874f1514_240x180.jpg,"2013 г., 2.9 л., механика междугородный, дизель руль слева, 350 000 км"
Mercedes-Benz Городской,"$ 7 397
650 000 сом",https://im.mashina.kg/tachka/images//d/c/9/dc91a96288da51f5ecec025f12a90c55_240x180.jpg,"2007 г., 2.9 л., механика городской, дизель руль слева, 345 678 км"
King Long XMQ6129,"$ 27 000
2 372 490 сом",https://im.mashina.kg/tachka/images//9/9/a/99aaed72a4f93dc09a42fa1833e060ca_240x180.jpg,"2012 г., 10 л., механика туристический, дизель руль слева, 680 000 км"
Mercedes-Benz Городской,"$ 4 100
360 267 сом",https://im.mashina.kg/tachka/images//f/b/7/fb7093120e4767cd2a1f23a155af8133_240x180.jpg,"1994 г., 3 л., механика городской, дизель руль слева, 518 464 км"
Mercedes-Benz Городской,"$ 6 259
550 000 сом",https://im.mashina.kg/tachka/images//0/2/9/029fa421eeb853c3bc3d711a91b25358_240x180.jpg,"2001 г., 2.2 л., механика городской, дизель руль слева, 365 586 км"
Mercedes-Benz Междугородный,"$ 12 518
1 100 000 сом",https://im.mashina.kg/tachka/images//8/6/5/8658bece1da6d0b7ca2485920e2e458a_240x180.jpg,"2014 г., 2.2 л., механика междугородный, дизель руль слева, 555 000 км"
Mercedes-Benz Междугородный,"$ 22 000
1 933 140 сом",https://im.mashina.kg/tachka/images//6/d/8/6d8240fec7e9d9566e7c9484533e66d1_240x180.jpg,"2012 г., 2.7 л., механика междугородный, дизель руль слева"
Mercedes-Benz Междугородный,"$ 10 000
878 700 сом",https://im.mashina.kg/tachka/images//5/0/7/507fbb2dc4712f81984bc6aa38ec4ccf_240x180.jpg,"2003 г., 2.2 л., механика междугородный, дизель руль слева, 450 000 км"
Mercedes-Benz Туристический,"$ 11 500
1 010 505 сом",https://im.mashina.kg/tachka/images//1/5/8/158af7d1fde6b5c171a4708b0cf6c26d_240x180.jpg,"2010 г., 2.2 л., механика туристический, дизель руль слева, 250 000 км"
Mercedes-Benz Городской,"$ 11 500
1 010 505 сом",https://im.mashina.kg/tachka/images//a/5/1/a51f6c86fc6b164bf61f85c25f8e2c1e_240x180.jpg,"2003 г., 2.2 л., механика городской, дизель руль слева, 222 500 км"
Mercedes-Benz Городской,"$ 12 500
1 098 375 сом",https://im.mashina.kg/tachka/images//d/d/4/dd4aa74be849d24713961b7bde9b6490_240x180.jpg,"1999 г., 2.9 л., механика городской, дизель руль слева, 85 000 км"
Mercedes-Benz Городской,"$ 7 397
650 000 сом",https://im.mashina.kg/tachka/images//4/c/f/4cf69b06287a8be9c0b636bc11919304_240x180.jpg,"1996 г., 2.9 л., механика городской, дизель руль слева, 506 876 км"
Kia Granbird,"$ 19 000
1 669 530 сом",https://im.mashina.kg/tachka/images//b/4/1/b41db8744070e77fc5672a721071f5db_240x180.jpg,"2010 г., 9 л., механика туристический, дизель руль слева, 700 000 км"
Mercedes-Benz Городской,"$ 9 446
830 000 сом",https://im.mashina.kg/tachka/images//5/e/c/5ec030b8692fd17236a0048b5645fdac_240x180.jpg,"2001 г., 2.9 л., механика городской, дизель руль слева, 55 652 км"
Mercedes-Benz Междугородный,"$ 13 000
1 142 310 сом",https://im.mashina.kg/tachka/images//0/f/6/0f6034738eecd268a4308627f2911c03_240x180.jpg,"1999 г., 2.9 л., механика междугородный, дизель руль слева, 456 789 км"
Mercedes-Benz Городской,"$ 9 673
850 000 сом",https://im.mashina.kg/tachka/images//0/b/4/0b492984bdb516c383fcda0cc41f00cb_240x180.jpg,"2004 г., 2.2 л., механика городской, дизель руль слева, 726 500 км"
Mercedes-Benz Междугородный,"$ 12 400
1 089 588 сом",https://im.mashina.kg/tachka/images//2/9/b/29b1cc20afda4aa0af890fafe74687cb_240x180.jpg,"2008 г., 2.2 л., механика междугородный, дизель руль слева, 322 000 км"
Mercedes-Benz Городской,"$ 12 000
1 054 440 сом",https://im.mashina.kg/tachka/images//7/c/c/7ccba97982dfacffb2479d143d38f18c_240x180.jpg,"2003 г., 2.2 л., механика городской, дизель руль слева"
Mercedes-Benz Туристический,"$ 15 000
1 318 050 сом",https://im.mashina.kg/tachka/images//b/0/e/b0ec1f776bba233aa6b538bd4b68680e_240x180.jpg,"2005 г., 2.2 л., механика туристический, дизель руль слева, 350 000 км"
Mercedes-Benz Городской,"$ 7 397
650 000 сом",,"2003 г., 2.2 л., механика городской, дизель руль слева"
Mercedes-Benz Городской,"$ 4 552
400 000 сом",https://im.mashina.kg/tachka/images//0/0/d/00d86ac06bb11ea4e833ea31386007c1_240x180.jpg,"1992 г., 2.9 л., механика городской, дизель руль слева"
Mercedes-Benz Городской,"$ 2 390
210 000 сом",https://im.mashina.kg/tachka/images//6/0/2/602afa6aa787a5494bbe96d253fc2fbc_240x180.jpg,"1988 г., 2.9 л., механика городской, дизель руль слева, 28 009 км"
Mercedes-Benz Городской,"$ 11 500
1 010 505 сом",https://im.mashina.kg/tachka/images//d/b/0/db081beb240cf974a100121b0549c629_240x180.jpg,"2005 г., 2.2 л., механика городской, дизель руль слева, 300 000 км"
Mercedes-Benz Туристический,"$ 18 500
1 625 595 сом",https://im.mashina.kg/tachka/images//f/e/a/feaac160fd0d3b43f5e8f905d3f16534_240x180.jpg,"2009 г., 2.9 л., механика туристический, дизель руль слева, 350 000 км"
Mercedes-Benz Городской,"$ 9 500
834 765 сом",https://im.mashina.kg/tachka/images//5/f/4/5f4fd7a1c951b89db1ca19b981f2977d_240x180.jpg,"2002 г., 2.2 л., механика городской, дизель руль слева"
Ford Transit,"$ 7 170
630 000 сом",https://im.mashina.kg/tachka/images//5/7/8/5787904753846753e0e8220e71638108_240x180.jpg,"2012 г., 2.9 л., механика городской, дизель руль слева"
Mercedes-Benz Городской,"$ 15 300
1 344 411 сом",https://im.mashina.kg/tachka/images//e/b/c/ebc820272254ef7e8d22d22398aacf4c_240x180.jpg,"2007 г., 3 л., механика городской, дизель руль слева, 230 000 км"
Mercedes-Benz Туристический,"$ 16 200
1 423 494 сом",https://im.mashina.kg/tachka/images//c/9/3/c93b45d076b640811cd8dff8a2000de9_240x180.jpg,"2008 г., 2.2 л., автомат туристический, дизель руль слева, 300 000 км"
Mercedes-Benz Туристический,"$ 24 000
2 108 880 сом",https://im.mashina.kg/tachka/images//2/0/2/20234aecd5411112793a01a1e026dae6_240x180.jpg,"1998 г., 14.3 л., механика туристический, дизель руль слева, 970 777 км"
Mercedes-Benz Междугородный,"$ 24 000
2 108 880 сом",https://im.mashina.kg/tachka/images//b/d/b/bdb8ae69397a9da32a2233cfe656bd1c_240x180.jpg,"1998 г., 14.3 л., механика междугородный, дизель руль слева, 970 777 км"
Mercedes-Benz Городской,"$ 10 500
922 635 сом",https://im.mashina.kg/tachka/images//d/0/7/d07205b52562957bfed0c03725e231ba_240x180.jpg,"2003 г., 2.7 л., автомат городской, дизель руль слева, 1 000 км"
Mercedes-Benz Туристический,"$ 45 000
3 954 150 сом",https://im.mashina.kg/tachka/images//8/7/2/87262a1c51d71f5889790946c5cbc18d_240x180.jpg,"2016 г., 3 л., автомат туристический, дизель руль слева, 537 000 км"
Mercedes-Benz Городской,"$ 16 500
1 449 855 сом",https://im.mashina.kg/tachka/images//a/3/4/a344d8b969283478e2243ea18b334206_240x180.jpg,"2007 г., 2.2 л., автомат городской, дизель руль слева, 264 139 км"
Mercedes-Benz Городской,"$ 27 000
2 372 490 сом",https://im.mashina.kg/tachka/images//5/9/7/597c1e7cbf2505827324baff9e7ec9b8_240x180.jpg,"2018 г., 3.2 л., автомат городской, дизель руль слева, 250 000 км"
Volkswagen Crafter,"$ 9 104
800 000 сом",https://im.mashina.kg/tachka/images//7/a/4/7a44fb46b9bfed073a310b76ee2ea6d5_240x180.jpg,"2013 г., 3.2 л., механика городской, дизель руль слева, 123 654 км"
Mercedes-Benz Междугородный,"$ 24 000
2 108 880 сом",https://im.mashina.kg/tachka/images//8/3/f/83f21cce10fefc3eaaf57fdaaa424112_240x180.jpg,"2018 г., 2.7 л., механика междугородный, дизель руль слева, 123 456 км"
Mercedes-Benz Городской,"$ 13 990
1 229 301 сом",https://im.mashina.kg/tachka/images//7/9/0/7904eb1473f1a8898534f11d1e461f91_240x180.jpg,"2002 г., 2.7 л., автомат городской, дизель руль слева, 358 058 км"
Mercedes-Benz Междугородный,"$ 3 414
300 000 сом",https://im.mashina.kg/tachka/images//8/4/7/847bb2c53fd97230617bd8a858549d23_240x180.jpg,"1986 г., 2.3 л., механика междугородный, дизель руль слева, 400 000 км"
Mercedes-Benz Городской,"$ 10 500
922 635 сом",https://im.mashina.kg/tachka/images//8/5/2/852cfdb967e759224e1d6df462d70c69_240x180.jpg,"2006 г., 2.2 л., механика городской, дизель руль слева, 563 000 км"
Mercedes-Benz Междугородный,"$ 20 000
1 757 400 сом",https://im.mashina.kg/tachka/images//7/0/1/701dc390d63758c64f35c2cfb7c3b941_240x180.jpg,"2003 г., 2.9 л., механика междугородный, дизель руль слева, 1 000 км"
Mercedes-Benz Городской,"$ 15 000
1 318 050 сом",https://im.mashina.kg/tachka/images//0/1/6/016fc471bdc2de9a461608ae821d7f9a_240x180.jpg,"2007 г., 2.2 л., механика городской, дизель руль слева, 645 000 км"
Mercedes-Benz Городской,"$ 7 397
650 000 сом",https://im.mashina.kg/tachka/images//a/3/3/a33eef900ef222a9820cd035bdaf5292_240x180.jpg,"2000 г., 2.2 л., механика пригородный, дизель руль слева, 289 565 км"
Mercedes-Benz Пригородный,"$ 13 657
1 200 000 сом",https://im.mashina.kg/tachka/images//e/a/2/ea21ad102153ade8cbf4fb9fa32729ab_240x180.jpg,"2006 г., 2.2 л., механика пригородный, дизель руль слева"
Mercedes-Benz Туристический,"$ 30 000
2 636 100 сом",https://im.mashina.kg/tachka/images//a/d/8/ad81cb296e637698423653ae003f3012_240x180.jpg,"2007 г., 3 л., автомат туристический, дизель руль слева, 571 000 км"
Mercedes-Benz Городской,"$ 12 518
1 100 000 сом",https://im.mashina.kg/tachka/images//7/3/6/73641b60cecfe7386a92fa4de90de9ae_240x180.jpg,"2006 г., 2.2 л., механика городской, дизель руль слева, 876 000 км"
Mercedes-Benz Туристический,"$ 11 600
1 019 292 сом",https://im.mashina.kg/tachka/images//1/8/7/1879af8100d6a2a26b8989a9ad15151f_240x180.jpg,"2002 г., 2.2 л., механика туристический, дизель руль слева, 670 000 км"
Mercedes-Benz Городской,"$ 13 657
1 200 000 сом",https://im.mashina.kg/tachka/images//0/7/f/07f79b43ec6ca0df3259e375c7b4beb2_240x180.jpg,"2009 г., 2.9 л., механика городской, дизель руль слева, 300 000 км"
Mercedes-Benz Городской,"$ 18 900
1 660 743 сом",https://im.mashina.kg/tachka/images//3/0/6/306f6510f8f88c36030d35bee179eb2d_240x180.jpg,"2016 г., 2.2 л., автомат городской, дизель руль слева, 223 000 км"
Mercedes-Benz Туристический,"$ 14 600
1 282 902 сом",https://im.mashina.kg/tachka/images//d/f/a/dfa68eea06de1cac65fb992c13036bd6_240x180.jpg,"2003 г., 2.7 л., автомат туристический, дизель руль слева, 471 000 км"
Mercedes-Benz Туристический,"$ 22 500
1 977 075 сом",https://im.mashina.kg/tachka/images//c/2/d/c2d8173de21cef1a7f672674d23d48da_240x180.jpg,"2009 г., 2.9 л., механика туристический, дизель руль слева, 6 000 км"
Mercedes-Benz Городской,"$ 5 690
500 000 сом",https://im.mashina.kg/tachka/images//b/a/9/ba9a369f2c7878e22f370020f2f6e676_240x180.jpg,"1992 г., 3 л., механика городской, дизель руль слева, 111 111 км"
Mercedes-Benz Туристический,"$ 15 500
1 361 985 сом",https://im.mashina.kg/tachka/images//9/c/7/9c7050781df873059b43d33bd4bf7d7f_240x180.jpg,"2008 г., 2.2 л., механика туристический, дизель руль слева"
Ford Transit,"$ 3 983
350 000 сом",https://im.mashina.kg/tachka/images//d/0/0/d00ad9ad942d02c130e193b6e9098ddd_240x180.jpg,"2002 г., 2.5 л., механика городской, дизель руль слева, 200 000 км"
Mercedes-Benz Городской,"$ 17 000
1 493 790 сом",https://im.mashina.kg/tachka/images//9/7/8/978798a7e427ca42a43ca567e8048d44_240x180.jpg,"2008 г., 2.2 л., механика городской, дизель руль слева"
Mercedes-Benz Пригородный,"$ 8 535
750 000 сом",https://im.mashina.kg/tachka/images//9/c/d/9cdcc5e96b073cf526bff74b95dff3c7_240x180.jpg,"2007 г., 2.2 л., механика пригородный, дизель руль слева, 100 000 км"
Mercedes-Benz Городской,"$ 8 000
702 960 сом",https://im.mashina.kg/tachka/images//c/9/c/c9cdc3724a7a88bdaea8bd0c38afa4dc_240x180.jpg,"2003 г., 2.2 л., механика городской, дизель руль слева, 680 000 км"
Volkswagen Crafter,"$ 12 500
1 098 375 сом",https://im.mashina.kg/tachka/images//3/9/4/394d626a7f8aa79ae5d743a801b385b3_240x180.jpg,"2007 г., 2.5 л., механика городской, дизель руль слева, 77 777 км"
Mercedes-Benz Туристический,"$ 16 300
1 432 281 сом",https://im.mashina.kg/tachka/images//6/a/1/6a14ec1f60364b4a68a31ea5c11c1008_240x180.jpg,"2006 г., 2.2 л., механика туристический, дизель руль слева, 340 000 км"
Mercedes-Benz Городской,"$ 10 000
878 700 сом",https://im.mashina.kg/tachka/images//5/b/2/5b22d08edb7f8938c5089440681e819c_240x180.jpg,"2004 г., 2.7 л., механика городской, дизель руль слева, 710 000 км"
Mercedes-Benz Городской,"$ 7 966
700 000 сом",https://im.mashina.kg/tachka/images//0/b/1/0b19212f31d0b7a6c95dd7fdf30a2460_240x180.jpg,"1999 г., 3 л., механика городской, дизель руль слева, 445 488 км"
Mercedes-Benz Городской,"$ 32 000
2 811 840 сом",https://im.mashina.kg/tachka/images//a/0/2/a020458d9fc86f014e08e2ff1b40d9f7_240x180.jpg,"2018 г., 2.2 л., механика городской, дизель руль слева, 236 578 км"
Mercedes-Benz Городской,"$ 13 657
1 200 000 сом",https://im.mashina.kg/tachka/images//1/b/2/1b296c5b5878f3f3d5972c72f8eb469e_240x180.jpg,"2011 г., 2.2 л., механика городской, дизель руль слева"
Mercedes-Benz Городской,"$ 8 535
750 000 сом",https://im.mashina.kg/tachka/images//3/4/c/34c93c85d1d549dbb0da22e730239d15_240x180.jpg,"2004 г., 2.2 л., механика городской, дизель руль слева, 612 211 км"
Mercedes-Benz Городской,"$ 14 500
1 273 825 сом",https://im.mashina.kg/tachka/images//3/f/2/3f2e03f858559ff8c7808e2b00e9fb90_240x180.jpg,"2007 г., 2.2 л., автомат городской, дизель руль слева, 240 000 км"
Daewoo Lestar,"$ 1 707
150 000 сом",https://im.mashina.kg/tachka/images//d/a/4/da46089394c8d3ae5de7e7a8a6bc5ad8_240x180.jpg,"1997 г., 8 л., механика городской, бензин руль слева, 250 000 км"
Mercedes-Benz Междугородный,"$ 16 000
1 405 920 сом",https://im.mashina.kg/tachka/images//3/4/f/34f99e7f8091cdddd3e20c9da0fd39a7_240x180.jpg,"2007 г., 2.2 л., механика междугородный, дизель руль слева"
Mercedes-Benz Междугородный,"$ 14 795
1 300 000 сом",https://im.mashina.kg/tachka/images//e/2/0/e20771e4f5a81ef8553b4cd39fab4574_240x180.jpg,"2007 г., 2.9 л., механика междугородный, дизель руль слева, 500 000 км"
Mercedes-Benz Междугородный,"$ 18 800
1 651 956 сом",https://im.mashina.kg/tachka/images//7/8/f/78ff0a28f0de714fb8ffd86627962c23_240x180.jpg,"2017 г., 2.2 л., механика междугородный, дизель руль слева, 300 000 км"
Mercedes-Benz Городской,"$ 8 308
730 000 сом",https://im.mashina.kg/tachka/images//7/f/4/7f4094231eadc159d36ef2b76a07c4fd_240x180.jpg,"2001 г., 2.2 л., механика городской, дизель руль слева, 387 358 км"
Mercedes-Benz Городской,"$ 12 518
1 100 000 сом",https://im.mashina.kg/tachka/images//f/7/2/f72db9f37c2313ee2f1c02c9bb5a8a14_240x180.jpg,"2009 г., 2.2 л., механика городской, дизель руль слева"
Mercedes-Benz Городской,"$ 8 649
760 000 сом",https://im.mashina.kg/tachka/images//5/9/5/595f0adf714e5d9f406350c5b283c64b_240x180.jpg,"2004 г., 2.2 л., механика городской, дизель руль слева, 340 590 км"
Mercedes-Benz Городской,"$ 22 000
1 933 140 сом",https://im.mashina.kg/tachka/images//0/1/8/018d0a20cf6236f7aad5adaacfb81eaf_240x180.jpg,"2012 г., 2.7 л., механика городской, дизель руль слева, 123 654 км"
Mercedes-Benz Городской,"$ 7 113
625 000 сом",https://im.mashina.kg/tachka/images//f/7/f/f7fc77bf9471f40e5dfd50ee2cda43d8_240x180.jpg,"2004 г., 2.2 л., механика городской, дизель руль слева"
Mercedes-Benz Городской,"$ 12 500
1 098 375 сом",https://im.mashina.kg/tachka/images//5/7/a/57a455f150e427338f81a9602193c104_240x180.jpg,"2014 г., 2.7 л., механика городской, дизель руль слева, 370 000 км"
Mercedes-Benz Междугородный,"$ 55 000
4 832 850 сом",https://im.mashina.kg/tachka/images//d/5/7/d5743a6cecc1b80124820d3dc6166867_240x180.jpg,"2019 г., 2.2 л., автомат междугородный, дизель руль слева, 388 000 км"
Mercedes-Benz Городской,"$ 9 000
790 830 сом",,"1997 г., 2.9 л., механика городской, дизель руль слева"
Mercedes-Benz Туристический,"$ 12 000
1 054 440 сом",https://im.mashina.kg/tachka/images//8/9/c/89c37628a0710b2f61c55dd1521f2e35_240x180.jpg,"2008 г., 2.2 л., механика туристический, дизель руль слева, 943 052 км"
Mercedes-Benz Городской,"$ 6 601
580 000 сом",https://im.mashina.kg/tachka/images//8/7/4/8744685233b70e4869b8dc961e340bf0_240x180.jpg,"2000 г., 2.9 л., механика городской, дизель руль слева"
Mercedes-Benz Междугородный,"$ 16 000
1 405 920 сом",https://im.mashina.kg/tachka/images//0/4/a/04a6f08cfa96fa1da62415986c6ad6f1_240x180.jpg,"2012 г., 2.7 л., механика междугородный, дизель руль слева, 592 145 км"
Ford Transit,"$ 2 504
220 000 сом",https://im.mashina.kg/tachka/images//b/8/9/b89416fcb0ad0381f4334ca6223d6d6b_240x180.jpg,"1997 г., 2 л., механика городской, бензин руль слева, 250 000 км"
Mercedes-Benz Междугородный,"$ 17 000
1 493 790 сом",,"2011 г., 2.7 л., механика междугородный, дизель руль слева, 222 222 км"
Mercedes-Benz Междугородный,"$ 6 828
600 000 сом",https://im.mashina.kg/tachka/images//c/0/a/c0a15b875c3342fbb1d5da1f8b4be877_240x180.jpg,"1997 г., 2.9 л., механика междугородный, дизель руль слева, 281 015 км"
Mercedes-Benz Междугородный,"$ 13 000
1 142 310 сом",https://im.mashina.kg/tachka/images//f/4/1/f41eeb6694145cf6e1722d61b732a0ad_240x180.jpg,"2002 г., 2.7 л., механика междугородный, дизель руль слева, 500 000 км"
Mercedes-Benz Городской,"$ 9 300
817 191 сом",https://im.mashina.kg/tachka/images//1/e/9/1e9e6c9fb07b09925c4c8b11a4b9a7c5_240x180.jpg,"2002 г., 2.2 л., механика городской, дизель руль слева, 70 000 км"
Mercedes-Benz Городской,"$ 4 780
420 000 сом",https://im.mashina.kg/tachka/images//e/c/9/ec949d5541abe31dc761a350cb3a2ede_240x180.jpg,"1996 г., 2.9 л., механика городской, дизель руль слева, 500 000 км"
Mercedes-Benz Городской,"$ 12 700
1 115 949 сом",https://im.mashina.kg/tachka/images//e/0/d/e0de411249f1c365787e81681aa07535_240x180.jpg,"2005 г., 2.9 л., механика городской, дизель руль слева, 221 000 км"
Mercedes-Benz Туристический,"$ 18 500
1 625 595 сом",https://im.mashina.kg/tachka/images//2/2/4/22428b58016ec65dcb01e28fa53bfbef_240x180.jpg,"2007 г., 2.2 л., механика туристический, дизель руль слева, 360 000 км"
Mercedes-Benz Городской,"$ 7 966
700 000 сом",https://im.mashina.kg/tachka/images//e/1/0/e106a56385c350b786402035c272a222_240x180.jpg,"2003 г., 2.7 л., механика городской, дизель руль слева"
Mercedes-Benz Междугородный,"$ 22 761
2 000 000 сом",https://im.mashina.kg/tachka/images//a/8/3/a83f89625e11d5b84fb319f6196339f0_240x180.jpg,"2011 г., 2.7 л., механика междугородный, дизель руль слева, 200 000 км"
Mercedes-Benz Городской,"$ 13 657
1 200 000 сом",https://im.mashina.kg/tachka/images//0/a/3/0a3fd51d74f67f85287ee60d6166d51a_240x180.jpg,"2011 г., 2.2 л., механика городской, дизель руль слева, 632 656 км"
Mercedes-Benz Городской,"$ 15 500
1 361 985 сом",https://im.mashina.kg/tachka/images//e/6/6/e66d80cda0473bf9dc7b4a7a6e31273c_240x180.jpg,"2009 г., 2.2 л., автомат городской, дизель руль слева, 152 152 км"
Mercedes-Benz Городской,"$ 14 500
1 274 115 сом",https://im.mashina.kg/tachka/images//9/b/4/9b4f6d355f924854398eb96ed0e1fad7_240x180.jpg,"2006 г., 2.7 л., автомат городской, дизель руль слева, 250 000 км"
Mercedes-Benz Городской,"$ 8 000
702 960 сом",https://im.mashina.kg/tachka/images//b/5/5/b557f9875da5d76113a3faa67df5b0de_240x180.jpg,"2001 г., 2.2 л., механика городской, дизель руль слева, 350 000 км"
Mercedes-Benz Туристический,"$ 10 000
878 700 сом",https://im.mashina.kg/tachka/images//2/2/5/225822093ab7a33ae1b5274d17dc7bac_240x180.jpg,"2003 г., 2.7 л., механика туристический, дизель руль слева, 880 973 км"
Mercedes-Benz Пригородный,"$ 17 000
1 493 450 сом",https://im.mashina.kg/tachka/images//b/1/4/b14df10526f59dea3ce7ac413ab79b05_240x180.jpg,"2010 г., 3 л., автомат пригородный, дизель руль слева, 280 000 км"
Mercedes-Benz Городской,"$ 17 000
1 493 790 сом",https://im.mashina.kg/tachka/images//e/f/4/ef4df4867b744b4845f6819ff142dbc6_240x180.jpg,"2010 г., 3 л., автомат городской, дизель руль слева, 28 000 км"
Mercedes-Benz Туристический,"$ 15 933
1 400 000 сом",https://im.mashina.kg/tachka/images//9/b/1/9b18f954bf4a9bbbf103f93cb22861d5_240x180.jpg,"2008 г., 2.2 л., механика туристический, дизель руль слева, 830 299 км"
Mercedes-Benz Туристический,"$ 15 500
1 361 985 сом",https://im.mashina.kg/tachka/images//e/3/a/e3a3ee7c5cb4e2936766bb5f164598cb_240x180.jpg,"2004 г., 2.7 л., механика туристический, дизель руль слева, 45 000 км"
Mercedes-Benz Междугородный,"$ 7 056
620 000 сом",https://im.mashina.kg/tachka/images//d/f/1/df1f2feab74da87a68da6ab38eb0463a_240x180.jpg,"2002 г., 2.2 л., механика междугородный, дизель руль слева, 475 000 км"
Mercedes-Benz Городской,"$ 14 000
1 230 180 сом",https://im.mashina.kg/tachka/images//7/e/a/7eabfff818e7b6e36f3ba619db42e66e_240x180.jpg,"2008 г., 2.2 л., автомат городской, дизель руль слева, 300 000 км"
Mercedes-Benz Туристический,"$ 16 500
1 449 855 сом",https://im.mashina.kg/tachka/images//e/b/0/eb059927a505df13d7437e2c2306ae40_240x180.jpg,"2012 г., 2.2 л., механика туристический, дизель руль слева, 420 000 км"
Mercedes-Benz Туристический,"$ 10 000
878 700 сом",https://im.mashina.kg/tachka/images//6/e/6/6e6cff5896a6ba2a53fe9ab8d2ea9b53_240x180.jpg,"1990 г., 14 л., механика туристический, дизель руль слева, 350 000 км"
Hyundai County,"$ 10 242
900 000 сом",https://im.mashina.kg/tachka/images//c/8/a/c8a402c9bc1851cffc2088bed2254935_240x180.jpg,"2001 г., 3.3 л., механика городской, дизель руль слева, 250 000 км"
Mercedes-Benz Междугородный,"$ 16 500
1 449 855 сом",https://im.mashina.kg/tachka/images//a/b/e/abe21057d010bd15b1ff993156d8d7b8_240x180.jpg,"2013 г., 2.2 л., механика междугородный, дизель руль слева, 320 000 км"
Mercedes-Benz Междугородный,"$ 24 000
2 108 880 сом",https://im.mashina.kg/tachka/images//8/7/2/8720c9f0220d574a3f92332122e53f9d_240x180.jpg,"2012 г., 2.7 л., механика междугородный, дизель руль слева, 390 000 км"
Mercedes-Benz Туристический,"$ 15 364
1 350 000 сом",https://im.mashina.kg/tachka/images//7/1/6/716b5312490bd872ae179a61143b559a_240x180.jpg,"2011 г., 2.2 л., механика туристический, дизель руль слева"
Mercedes-Benz Городской,"$ 13 657
1 200 000 сом",https://im.mashina.kg/tachka/images//5/7/e/57e0baf9a7511d60310ddeffb63bd88b_240x180.jpg,"2006 г., 2.9 л., механика городской, дизель руль слева, 24 385 км"
Mercedes-Benz Городской,"$ 8 535
750 000 сом",https://im.mashina.kg/tachka/images//5/2/e/52e3e2f111605478a7afd5acb0fe864d_240x180.jpg,"2001 г., 2.9 л., механика пригородный, дизель руль слева, 19 000 км"
Ford Transit,"$ 6 500
571 155 сом",https://im.mashina.kg/tachka/images//1/2/c/12c6920e45f3e1d9aa29863ae39604b1_240x180.jpg,"2002 г., 2.4 л., механика туристический, дизель руль слева, 367 264 км"
Mercedes-Benz Пригородный,"$ 14 795
1 300 000 сом",https://im.mashina.kg/tachka/images//d/c/7/dc7cdd701bea29c0e515eaa43d1f5321_240x180.jpg,"2009 г., 2.2 л., механика пригородный, дизель руль слева"
Ford Transit,"$ 5 690
500 000 сом",https://im.mashina.kg/tachka/images//e/e/1/ee1a7a3ed84927cfdf7b3a7efc99f9d3_240x180.jpg,"2007 г., 2.4 л., механика городской, дизель руль слева, 123 470 км"
Mercedes-Benz Туристический,"$ 25 000
2 196 750 сом",https://im.mashina.kg/tachka/images//d/1/0/d108784a671a88de019ad3d939fbcfd7_240x180.jpg,"2008 г., 3 л., автомат туристический, дизель руль слева, 10 000 км"
Mercedes-Benz Туристический,"$ 37 000
3 251 190 сом",https://im.mashina.kg/tachka/images//d/0/d/d0d60f00f90f5c0bf9341e29e167a759_240x180.jpg,"2011 г., 3 л., автомат туристический, дизель руль слева, 100 000 км"
Golden Dragon XML6127,"$ 20 000
1 757 000 сом",https://im.mashina.kg/tachka/images//8/f/d/8fdf3727b6e822dd1f603495ab0c294c_240x180.jpg,"2018 г., 8.4 л., механика междугородный, гибрид руль слева"
Mercedes-Benz Междугородный,"$ 8 535
750 000 сом",,"2005 г., 2.2 л., механика междугородный, дизель руль слева"
Mercedes-Benz Междугородный,"$ 13 657
1 200 000 сом",https://im.mashina.kg/tachka/images//3/8/3/383bd1dab1eb3d8346ca6f4392f7a47e_240x180.jpg,"2016 г., 2.2 л., механика междугородный, дизель руль слева, 450 000 км"
Mercedes-Benz Городской,"$ 3 756
330 000 сом",https://im.mashina.kg/tachka/images//3/0/a/30ab10e0afc23d2d0330765352af2aa2_240x180.jpg,"1991 г., 2.9 л., механика городской, дизель руль слева"
Mercedes-Benz Туристический,"$ 10 000
878 700 сом",,"2007 г., 2.2 л., механика туристический, дизель руль слева, 250 000 км"
Mercedes-Benz Междугородный,"$ 15 500
1 361 985 сом",https://im.mashina.kg/tachka/images//c/7/1/c71302cb7bc1a7342930d387a2eb7784_240x180.jpg,"2005 г., 2.7 л., автомат междугородный, дизель руль слева"
Mercedes-Benz Междугородный,"$ 8 535
750 000 сом",https://im.mashina.kg/tachka/images//9/2/d/92dec2de089e6181efb38faa5e9000ec_240x180.jpg,"2000 г., 2.2 л., механика междугородный, дизель руль слева, 166 497 км"
Mercedes-Benz Городской,"$ 6 259
550 000 сом",https://im.mashina.kg/tachka/images//0/9/2/092f8dc3d9b244ffa9c04c6e6d6f6d4a_240x180.jpg,"1997 г., 2.9 л., механика городской, дизель руль слева"
Mercedes-Benz Городской,"$ 10 500
922 425 сом",https://im.mashina.kg/tachka/images//d/c/4/dc4da2673b69e27cde8b1aa2502112db_240x180.jpg,"2006 г., 2.2 л., механика городской, дизель руль слева, 200 000 км"
Mercedes-Benz Междугородный,"$ 11 380
1 000 000 сом",https://im.mashina.kg/tachka/images//3/8/6/3867d8c6b92b9851f68eec5df5a6172a_240x180.jpg,"2008 г., 2.2 л., механика междугородный, дизель руль слева"
Mercedes-Benz Туристический,"$ 24 000
2 108 880 сом",https://im.mashina.kg/tachka/images//8/6/d/86d10a910c760ccac22c3bc9f64de8c9_240x180.jpg,"2016 г., 2.7 л., механика туристический, дизель руль слева, 525 000 км"
Mercedes-Benz Междугородный,"$ 10 000
878 700 сом",https://im.mashina.kg/tachka/images//4/b/9/4b9ca80e4ea3e33661cf988df9c9225e_240x180.jpg,"2002 г., 2.9 л., механика междугородный, дизель руль слева"
Mercedes-Benz Междугородный,"$ 19 000
1 669 530 сом",https://im.mashina.kg/tachka/images//f/9/a/f9a66227fdb965a1e0d56d30579b4d82_240x180.jpg,"2017 г., 2.2 л., механика междугородный, дизель руль слева, 222 222 км"
Mercedes-Benz Туристический,"$ 21 500
1 889 205 сом",https://im.mashina.kg/tachka/images//e/b/d/ebd1475a5c2e2f1d6635aa25998aa008_240x180.jpg,"2006 г., 3 л., автомат туристический, дизель руль слева, 400 000 км"
Mercedes-Benz Междугородный,"$ 15 000
1 318 050 сом",https://im.mashina.kg/tachka/images//3/7/e/37ee374366618247f38ae9cdbb688194_240x180.jpg,"2009 г., 2.2 л., автомат междугородный, дизель руль слева, 440 000 км"
Volkswagen Crafter,"$ 14 795
1 300 000 сом",https://im.mashina.kg/tachka/images//1/9/e/19edb33e3a302198c234910533671014_240x180.jpg,"2011 г., 2 л., механика городской, бензин руль слева, 330 963 км"
Mercedes-Benz Туристический,"$ 13 088
1 150 000 сом",https://im.mashina.kg/tachka/images//b/a/3/ba3e7f6918cc379f47c38f12547597ea_240x180.jpg,"2007 г., 2.2 л., механика туристический, дизель руль слева, 380 000 км"
Mercedes-Benz Междугородный,"$ 15 500
1 361 985 сом",https://im.mashina.kg/tachka/images//4/6/9/4695d3091efcc09937c04b98c1d957b1_240x180.jpg,"2001 г., 2.7 л., механика междугородный, дизель руль слева"
Mercedes-Benz Городской,"$ 6 373
560 000 сом",https://im.mashina.kg/tachka/images//3/3/c/33c1fadc0933949b99eb87a8f8e53df0_240x180.jpg,"2003 г., 2.2 л., механика городской, дизель руль слева"
Mercedes-Benz Пригородный,"$ 10 500
922 635 сом",https://im.mashina.kg/tachka/images//8/4/4/84465239ef11856079090a5e2ddff139_240x180.jpg,"1997 г., 2.9 л., механика пригородный, дизель руль слева, 351 000 км"
Mercedes-Benz Городской,"$ 2 959
260 000 сом",https://im.mashina.kg/tachka/images//d/e/b/debac2318a4bbdd5393cd67946b09092_240x180.jpg,"1991 г., 3 л., механика городской, дизель руль слева, 458 000 км"
Mercedes-Benz Междугородный,"$ 35 000
3 075 450 сом",https://im.mashina.kg/tachka/images//3/a/0/3a0ef197a22fc76761b14ff0b0d326f7_240x180.jpg,"2019 г., 2.2 л., механика междугородный, дизель руль слева, 204 000 км"
Mercedes-Benz Городской,"$ 11 500
1 010 275 сом",,"2003 г., 2.2 л., механика городской, бензин руль слева"
Ford Transit,"$ 7 397
650 000 сом",https://im.mashina.kg/tachka/images//d/f/d/dfd36883cdb45b27bf6d4e5cde81bc55_240x180.jpg,"2008 г., 2.9 л., механика городской, дизель руль слева"
Mercedes-Benz Пригородный,"$ 7 966
700 000 сом",https://im.mashina.kg/tachka/images//1/4/a/14a526d8560214dac208f45ef3de7cb0_240x180.jpg,"1989 г., 4 л., механика пригородный, дизель руль слева"
Mercedes-Benz Городской,"$ 10 000
878 700 сом",https://im.mashina.kg/tachka/images//5/8/0/58084f06d40364ea88f1c4840da1aa60_240x180.jpg,"2002 г., 2.2 л., механика городской, дизель руль слева, 295 000 км"
Mercedes-Benz Междугородный,"$ 13 000
1 142 050 сом",https://im.mashina.kg/tachka/images//0/5/7/05711bdbf9ee3e2dd3bf23da3f0cf4ac_240x180.jpg,"2000 г., 2.8 л., механика междугородный, дизель руль слева, 500 000 км"
Mercedes-Benz Городской,"$ 19 700
1 731 039 сом",https://im.mashina.kg/tachka/images//b/9/1/b91414a528cb262c1c024dc64dda3af8_240x180.jpg,"2007 г., 2.7 л., механика городской, дизель руль слева, 200 000 км"
Volkswagen Crafter,"$ 11 380
1 000 000 сом",https://im.mashina.kg/tachka/images//c/4/a/c4aac46787f737633fabd087ef4f7535_240x180.jpg,"2010 г., 2.5 л., механика городской, дизель руль слева, 300 000 км"
Mercedes-Benz Городской,"$ 14 226
1 250 000 сом",https://im.mashina.kg/tachka/images//0/a/2/0a22daeaac110d1219281f20ffd8a5fe_240x180.jpg,"2006 г., 2.2 л., механика городской, дизель руль слева, 438 400 км"
Volkswagen Crafter,"$ 15 367
1 350 000 сом",,"2011 г., 2.5 л., механика городской, дизель руль слева"
Mercedes-Benz Городской,"$ 9 500
834 765 сом",https://im.mashina.kg/tachka/images//a/1/f/a1f893a438cd420cb84ef3b24fdadf9f_240x180.jpg,"2005 г., 2.2 л., механика пригородный, дизель руль слева, 600 000 км"
Mercedes-Benz Городской,"$ 8 194
720 000 сом",https://im.mashina.kg/tachka/images//6/a/4/6a4232f45f7d7cd4105f15f03ece7b28_240x180.jpg,"2003 г., 2.9 л., механика городской, дизель руль слева, 200 000 км"
Mercedes-Benz Городской,"$ 13 660
1 200 000 сом",https://im.mashina.kg/tachka/images//3/8/f/38fc201a0f58e22c6a5daa97ee047c61_240x180.jpg,"2006 г., 2.2 л., механика городской, дизель руль слева, 550 000 км"
Mercedes-Benz Городской,"$ 7 966
700 000 сом",https://im.mashina.kg/tachka/images//d/6/c/d6c426006a58cfc2533fa0a92e45b1d0_240x180.jpg,"1999 г., 2.9 л., механика городской, дизель руль слева, 688 000 км"
Mercedes-Benz Туристический,"$ 11 500
1 010 505 сом",https://im.mashina.kg/tachka/images//8/4/3/84374626a42a268ec5f2d119f8d6ffb9_240x180.jpg,"2003 г., 2.2 л., механика туристический, дизель руль слева, 169 277 км"
Mercedes-Benz Городской,"$ 9 000
790 830 сом",https://im.mashina.kg/tachka/images//4/7/4/474944c7af41370060723f71dfc6f159_240x180.jpg,"1998 г., 2.9 л., механика городской, дизель руль слева, 30 000 км"
Mercedes-Benz Городской,"$ 12 500
1 098 375 сом",https://im.mashina.kg/tachka/images//5/5/f/55fc2ce42e3527dc594d4e8cb33b9d55_240x180.jpg,"2007 г., 2.2 л., механика городской, дизель руль слева, 235 700 км"
Mercedes-Benz Междугородный,"$ 12 500
1 098 125 сом",https://im.mashina.kg/tachka/images//4/9/8/498f71269846677b90dd8732db685eb1_240x180.jpg,"2007 г., 2.2 л., механика междугородный, дизель руль слева, 235 700 км"
Mercedes-Benz Городской,"$ 19 347
1 700 000 сом",https://im.mashina.kg/tachka/images//2/d/f/2df65fe3bdf4243813e60d997b2b3673_240x180.jpg,"2007 г., 2.2 л., механика городской, дизель руль слева"
Mercedes-Benz Городской,"$ 14 500
1 273 825 сом",https://im.mashina.kg/tachka/images//a/1/e/a1e18c63fc89212526f04824d8ee6d60_240x180.jpg,"2001 г., 2.7 л., механика пригородный, дизель руль слева, 43 000 км"
Mercedes-Benz Городской,"$ 6 828
600 000 сом",https://im.mashina.kg/tachka/images//0/8/2/0823d079d71f20ca59c9b673781af6e7_240x180.jpg,"1996 г., 3 л., механика городской, дизель руль слева"
Mercedes-Benz Городской,"$ 20 000
1 757 400 сом",https://im.mashina.kg/tachka/images//8/d/0/8d020c9fae7282afd6cb0c348d747f81_240x180.jpg,"2011 г., 2.9 л., механика городской, дизель руль слева, 28 900 км"
Mercedes-Benz Туристический,"$ 13 022
1 144 000 сом",https://im.mashina.kg/tachka/images//8/4/a/84ad5e08817858997b2d711576ba0e28_240x180.jpg,"2001 г., 2.7 л., робот туристический, дизель руль слева, 706 196 км"
Mercedes-Benz Туристический,"$ 18 800
1 651 580 сом",https://im.mashina.kg/tachka/images//7/2/d/72d20af6d71eab1abb2d8feeca9f7243_240x180.jpg,"2014 г., 2.2 л., механика туристический, дизель руль слева, 222 000 км"
Mercedes-Benz Междугородный,"$ 11 500
1 010 505 сом",https://im.mashina.kg/tachka/images//2/c/9/2c91ecd357e2c93054727ecd7e58e4ad_240x180.jpg,"2009 г., 2.2 л., механика междугородный, дизель руль слева, 260 000 км"
Mercedes-Benz Городской,"$ 8 535
750 000 сом",https://im.mashina.kg/tachka/images//e/2/a/e2a638cd867933b566264ddabadb3af8_240x180.jpg,"2002 г., 2.2 л., механика городской, дизель руль слева, 500 000 км"
Mercedes-Benz Междугородный,"$ 16 500
1 449 855 сом",https://im.mashina.kg/tachka/images//9/9/6/9969beaa10aef59eeeed177bafa6c1aa_240x180.jpg,"2008 г., 3 л., механика междугородный, дизель руль слева, 460 000 км"
Mercedes-Benz Городской,"$ 7 853
690 000 сом",https://im.mashina.kg/tachka/images//c/7/1/c71974cccac1885eb1f31a9f1c1ea965_240x180.jpg,"2006 г., 2.2 л., механика городской, дизель руль слева, 495 880 км"
Mercedes-Benz Городской,"$ 6 830
600 000 сом",https://im.mashina.kg/tachka/images//8/a/7/8a7b9f0a63a62fdd1e82ae71e77c68f8_240x180.jpg,"1996 г., 2.9 л., механика городской, дизель руль слева, 252 255 км"
Mercedes-Benz Междугородный,"$ 19 351
1 700 000 сом",,"2007 г., 2.2 л., механика междугородный, дизель руль слева"
Mercedes-Benz Городской,"$ 3 073
270 000 сом",https://im.mashina.kg/tachka/images//c/a/c/cac44c215b4ca0a4314d021fc99d097b_240x180.jpg,"1986 г., 2.4 л., механика городской, дизель руль слева"
Mercedes-Benz Городской,"$ 8 763
770 000 сом",https://im.mashina.kg/tachka/images//3/4/2/342099dc50d531dac3678a8645f29de4_240x180.jpg,"2004 г., 2.2 л., механика городской, дизель руль слева, 120 000 км"
Mercedes-Benz Городской,"$ 5 000
439 250 сом",,"1996 г., 2.9 л., механика городской, дизель руль слева, 650 000 км"
Mercedes-Benz Городской,"$ 10 242
900 000 сом",https://im.mashina.kg/tachka/images//2/0/5/205eab09b21f5a8d4eb7198f9de1511f_240x180.jpg,"2004 г., 2.2 л., механика городской, дизель руль слева, 250 000 км"
Mercedes-Benz Городской,"$ 7 966
700 000 сом",https://im.mashina.kg/tachka/images//e/9/f/e9f207d3da77c4b76f5271f10bb880f6_240x180.jpg,"2002 г., 2.2 л., механика городской, дизель руль слева, 450 000 км"
Mercedes-Benz Городской,"$ 9 673
850 000 сом",https://im.mashina.kg/tachka/images//f/a/d/fadeb4645c5d8b4e606f1c21e09871d6_240x180.jpg,"2004 г., 2.2 л., механика городской, дизель руль слева, 450 000 км"
Mercedes-Benz Туристический,"$ 20 500
1 801 335 сом",https://im.mashina.kg/tachka/images//e/5/4/e542eda0442310db97055fdd57b8d41b_240x180.jpg,"2009 г., 2.2 л., механика туристический, дизель руль слева, 340 000 км"
Mercedes-Benz Городской,"$ 3 177
279 163 сом",https://im.mashina.kg/tachka/images//a/7/7/a774574a81f0a788bb2d7e4e107227f4_240x180.jpg,"1993 г., 3 л., механика городской, дизель руль слева, 255 000 км"
Mercedes-Benz Городской,"$ 7 399
650 000 сом",,"2004 г., 2.2 л., механика городской, дизель руль слева, 25 368 км"
Mercedes-Benz Междугородный,"$ 11 500
1 010 505 сом",https://im.mashina.kg/tachka/images//f/9/3/f93feb9495c4947f92a2cd8c5f513730_240x180.jpg,"2000 г., 2.7 л., механика междугородный, дизель руль слева"
Mercedes-Benz Городской,"$ 7 397
650 000 сом",https://im.mashina.kg/tachka/images//6/a/9/6a9d6fafb0a4336a78aea3fdcab74b02_240x180.jpg,"2000 г., 2.7 л., механика городской, дизель руль слева, 400 000 км"
Mercedes-Benz Туристический,"$ 12 000
1 054 440 сом",https://im.mashina.kg/tachka/images//f/7/5/f75b8a25098be55e4acee57c9fb2f1fb_240x180.jpg,"2004 г., 2.2 л., механика туристический, дизель руль слева, 196 277 км"
Mercedes-Benz Пригородный,"$ 7 966
700 000 сом",https://im.mashina.kg/tachka/images//8/4/a/84a2ff7029b4e83f383818789fe4bf78_240x180.jpg,"2002 г., 2.2 л., механика пригородный, дизель руль слева, 200 000 км"
Mercedes-Benz Туристический,"$ 12 500
1 098 375 сом",https://im.mashina.kg/tachka/images//c/4/b/c4b5b3e372a5e886f96110e77b7e250a_240x180.jpg,"2005 г., 2.2 л., механика туристический, дизель руль слева, 380 000 км"
Mercedes-Benz Городской,"$ 9 104
800 000 сом",https://im.mashina.kg/tachka/images//8/a/2/8a297246d90b2e9a5c7c01f5753cc96f_240x180.jpg,"2005 г., 2.2 л., механика городской, дизель руль слева, 330 509 км"
Mercedes-Benz Городской,"$ 1 536
135 000 сом",https://im.mashina.kg/tachka/images//d/b/0/db01a6d8c5cd0f39fe11f92d025a036e_240x180.jpg,"1988 г., 2.9 л., механика городской, дизель руль слева, 300 000 км"
Mercedes-Benz Туристический,"$ 13 088
1 150 000 сом",https://im.mashina.kg/tachka/images//0/8/c/08c32ded1ef60e4986882dae0e52bbe5_240x180.jpg,"2016 г., 2.2 л., механика туристический, дизель руль слева"
Mercedes-Benz Туристический,"$ 25 000
2 196 750 сом",https://im.mashina.kg/tachka/images//4/e/2/4e210da38a937c1e171f9e67399d6f48_240x180.jpg,"2010 г., 2.2 л., автомат туристический, дизель руль слева, 440 000 км"
Mercedes-Benz Городской,"$ 8 200
720 534 сом",https://im.mashina.kg/tachka/images//7/9/0/79053d63590591b176a346324a13f47b_240x180.jpg,"2002 г., 2.9 л., механика городской, дизель руль слева, 200 000 км"
Mercedes-Benz Туристический,"$ 10 500
922 635 сом",https://im.mashina.kg/tachka/images//1/2/2/12296e7d596fe19af22abe5321c76f7f_240x180.jpg,"2002 г., 2.7 л., механика туристический, дизель руль слева"
Mercedes-Benz Городской,"$ 9 104
800 000 сом",https://im.mashina.kg/tachka/images//2/2/d/22dc04e76ddaed9a3da961314ff94900_240x180.jpg,"2001 г., 2.2 л., механика городской, дизель руль слева"
Mercedes-Benz Городской,"$ 5 200
456 924 сом",https://im.mashina.kg/tachka/images//7/7/2/772cdcb638f0f7493296e8da4b2e74b1_240x180.jpg,"1998 г., 2.9 л., механика городской, дизель руль слева, 300 000 км"
Mercedes-Benz Городской,"$ 4 211
370 000 сом",https://im.mashina.kg/tachka/images//2/c/d/2cd5ca23431f83338e58f60ee137f186_240x180.jpg,"1996 г., 2.9 л., механика городской, дизель руль слева"
Mercedes-Benz Междугородный,"$ 14 500
1 274 115 сом",https://im.mashina.kg/tachka/images//8/f/a/8fa4c40050e075aa476a24e358f93898_240x180.jpg,"2009 г., 2.2 л., механика междугородный, дизель руль слева, 31 000 км"
Mercedes-Benz Городской,"$ 13 500
1 186 245 сом",https://im.mashina.kg/tachka/images//f/8/c/f8c5e50bf7520699980b02864d78108d_240x180.jpg,"2004 г., 2.7 л., механика городской, дизель руль слева, 3 000 км"
Mercedes-Benz Городской,"$ 1 707
150 000 сом",https://im.mashina.kg/tachka/images//0/d/9/0d94e15f06ff5bb5c3793eef6599fb34_240x180.jpg,"1988 г., 2.4 л., механика пригородный, дизель руль слева, 258 369 км"
Mercedes-Benz Городской,"$ 6 828
600 000 сом",https://im.mashina.kg/tachka/images//9/1/c/91c36549a27ac35fe66862004cd95d40_240x180.jpg,"2002 г., 2.2 л., механика городской, дизель руль слева"
Mercedes-Benz Пригородный,"$ 16 000
1 405 920 сом",https://im.mashina.kg/tachka/images//0/2/c/02c2451185c54a2646f77266147eebdf_240x180.jpg,"2011 г., 2.7 л., механика пригородный, дизель руль слева, 25 847 км"
Mercedes-Benz Междугородный,"$ 15 600
1 370 772 сом",https://im.mashina.kg/tachka/images//0/d/e/0de2f4dc92ecb4617eed31ba92950b2d_240x180.jpg,"2006 г., 2.7 л., автомат междугородный, дизель руль слева, 257 332 км"
Ford Transit,"$ 8 535
750 000 сом",https://im.mashina.kg/tachka/images//6/6/d/66d82212d991d0556b108af79e07d550_240x180.jpg,"2012 г., 2.2 л., механика туристический, дизель руль слева"
Mercedes-Benz Междугородный,"$ 10 500
922 635 сом",https://im.mashina.kg/tachka/images//b/d/5/bd5b29768fa04705d580aa782d2ae078_240x180.jpg,"2005 г., 2.2 л., механика междугородный, дизель руль слева, 300 000 км"
Mercedes-Benz Городской,"$ 6 259
550 000 сом",https://im.mashina.kg/tachka/images//3/0/9/3097657144748d8c2d5be4afb819cff0_240x180.jpg,"1996 г., 2.3 л., механика городской, дизель руль слева"
Mercedes-Benz Туристический,"$ 40 000
3 514 800 сом",https://im.mashina.kg/tachka/images//a/a/4/aa4655a42b1b29eee8c234f20c3bc2a9_240x180.jpg,"2018 г., 2.2 л., механика туристический, дизель руль слева, 835 000 км"
Mercedes-Benz Междугородный,"$ 13 200
1 159 620 сом",https://im.mashina.kg/tachka/images//2/4/a/24a16fbf832a8427875b215726452b25_240x180.jpg,"2003 г., 2.2 л., механика междугородный, дизель руль слева, 295 000 км"
King Long XMQ6129,"$ 20 000
1 757 400 сом",https://im.mashina.kg/tachka/images//c/e/1/ce11bae34a90d7a069c09b44d520e931_240x180.jpg,"2018 г., 2 л., механика городской, газ руль слева, 10 000 км"
Mercedes-Benz Городской,"$ 7 966
700 000 сом",https://im.mashina.kg/tachka/images//c/f/1/cf1ae7092841694a65d717162714ddf3_240x180.jpg,"2003 г., 2.9 л., механика городской, дизель руль слева, 230 000 км"
Mercedes-Benz Городской,"$ 11 500
1 010 505 сом",https://im.mashina.kg/tachka/images//f/0/4/f04f481a86fc55505347ebbf9078059e_240x180.jpg,"2001 г., 2.7 л., механика городской, дизель руль слева, 350 000 км"
Mercedes-Benz Городской,"$ 6 200
544 794 сом",https://im.mashina.kg/tachka/images//b/5/5/b5584bd5aba24afa23b5fd75e8da27db_240x180.jpg,"2004 г., 2.2 л., механика городской, дизель руль слева, 400 000 км"
Mercedes-Benz Городской,"$ 7 170
630 000 сом",https://im.mashina.kg/tachka/images//9/9/9/9993ec37e487f649a8047b06ea003a3b_240x180.jpg,"2001 г., 2.9 л., механика городской, дизель руль слева, 696 969 км"
Mercedes-Benz Городской,"$ 16 300
1 432 281 сом",https://im.mashina.kg/tachka/images//0/e/4/0e4ad7e8c3ebcba66b748a4e693bbecb_240x180.jpg,"2009 г., 2.2 л., автомат городской, дизель руль слева, 517 000 км"
Mercedes-Benz Городской,"$ 7 966
700 000 сом",,"2004 г., 2.2 л., механика городской, дизель руль слева, 48 680 км"
Mercedes-Benz Междугородный,"$ 14 700
1 291 689 сом",https://im.mashina.kg/tachka/images//3/b/e/3be8d741cf41fe4feedc6171e6779ca3_240x180.jpg,"2009 г., 3 л., механика междугородный, дизель руль слева"
Mercedes-Benz Городской,"$ 5 121
450 000 сом",https://im.mashina.kg/tachka/images//1/c/5/1c5e86bcb574e095bc56c43ee2a4af9d_240x180.jpg,"1999 г., 2.9 л., механика городской, дизель руль слева"
Mercedes-Benz Междугородный,"$ 12 000
1 054 440 сом",https://im.mashina.kg/tachka/images//5/9/4/594b0b7c7c7a2b1264b3bb3a38996878_240x180.jpg,"2003 г., 2.7 л., механика междугородный, дизель руль слева, 123 456 км"
Volkswagen Crafter,"$ 5 464
480 000 сом",https://im.mashina.kg/tachka/images//5/1/6/5163838e8ce9a55cfda45f9a323ad3a1_240x180.jpg,"1996 г., 3 л., механика городской, дизель руль слева, 777 777 км"
Mercedes-Benz Городской,"$ 9 104
800 000 сом",https://im.mashina.kg/tachka/images//d/4/3/d43a8003f4a12142da910c415b7c074e_240x180.jpg,"2007 г., 2.2 л., механика городской, дизель руль слева, 438 000 км"
Mercedes-Benz Городской,"$ 9 104
800 000 сом",https://im.mashina.kg/tachka/images//2/8/d/28d958da3e03868a95a8fe395c837217_240x180.jpg,"2004 г., 2.2 л., механика городской, дизель руль слева, 400 000 км"
Mercedes-Benz Пригородный,"$ 14 000
1 229 900 сом",https://im.mashina.kg/tachka/images//d/6/0/d60423826f6a29720e87ab65d576a018_240x180.jpg,"2009 г., 2.4 л., механика пригородный, дизель руль слева, 311 339 км"
Mercedes-Benz Туристический,"$ 15 700
1 379 559 сом",https://im.mashina.kg/tachka/images//b/4/e/b4e711aff6ec88fdf20ca2083dc9f384_240x180.jpg,"2007 г., 2.2 л., механика туристический, дизель руль слева, 300 000 км"
Volkswagen Crafter,"$ 15 000
1 317 750 сом",https://im.mashina.kg/tachka/images//3/f/9/3f90baba53b4de9af1b41c1209c1488d_240x180.jpg,"2008 г., 2.5 л., механика городской, дизель руль слева"
Mercedes-Benz Городской,"$ 3 415
300 000 сом",https://im.mashina.kg/tachka/images//d/a/2/da206570a4511d0b1b2bdb16d15a5609_240x180.jpg,"1992 г., 2.3 л., механика городской, дизель руль слева, 642 000 км"
Mercedes-Benz Городской,"$ 9 300
817 005 сом",https://im.mashina.kg/tachka/images//8/d/6/8d60a2329e64e0520a6ffba24ff521ad_240x180.jpg,"2004 г., 2.2 л., механика городской, дизель руль слева"
Mercedes-Benz Городской,"$ 16 000
1 405 600 сом",https://im.mashina.kg/tachka/images//0/1/2/012837848f236ec812046ad43ee9646c_240x180.jpg,"2006 г., 2.2 л., механика городской, дизель руль слева"
Mercedes-Benz Городской,"$ 10 000
878 700 сом",https://im.mashina.kg/tachka/images//c/f/1/cf1eb4f98183877fee6ce24e0930363a_240x180.jpg,"2001 г., 2.9 л., механика городской, дизель руль слева"
Mercedes-Benz Городской,"$ 14 500
1 273 825 сом",https://im.mashina.kg/tachka/images//7/b/a/7ba7abab0da8155dc177ee662b6c3891_240x180.jpg,"2007 г., 2.2 л., автомат городской, дизель руль слева"
Mercedes-Benz Междугородный,"$ 9 000
790 830 сом",https://im.mashina.kg/tachka/images//d/1/4/d14a759c030ffa79057a36fc519da02f_240x180.jpg,"2003 г., 2.9 л., механика междугородный, дизель руль слева, 235 147 км"
Mercedes-Benz Городской,"$ 12 000
1 054 440 сом",https://im.mashina.kg/tachka/images//3/6/e/36efd622e3a95edf9017cce23bf52ef6_240x180.jpg,"2003 г., 2.7 л., механика городской, дизель руль слева, 357 763 км"
Mercedes-Benz Городской,"$ 8 535
750 000 сом",https://im.mashina.kg/tachka/images//3/3/a/33adaa0d8540b60ecfc78cf8db9c6cf2_240x180.jpg,"2002 г., 2.2 л., механика городской, дизель руль слева, 197 000 км"
Mercedes-Benz Пригородный,"$ 2 000
175 700 сом",https://im.mashina.kg/tachka/images//7/8/0/78088e3313d5736773ebd10dffb68327_240x180.jpg,"2003 г., 2.2 л., механика пригородный, дизель руль слева, 3 000 км"
Mercedes-Benz Городской,"$ 17 071
1 500 000 сом",https://im.mashina.kg/tachka/images//5/2/5/52548c56f7ef27696f77b49c4a572202_240x180.jpg,"2009 г., 2.2 л., механика городской, дизель руль слева, 200 000 км"
Mercedes-Benz Междугородный,"$ 8 537
750 000 сом",,"1998 г., 2.9 л., механика междугородный, дизель руль слева, 162 086 км"
Mercedes-Benz Городской,"$ 5 800
509 646 сом",https://im.mashina.kg/tachka/images//e/d/c/edc4cedb361755d24de1f756f9489c5d_240x180.jpg,"2001 г., 2.2 л., механика городской, дизель руль слева, 617 134 км"
Mercedes-Benz Городской,"$ 7 968
700 000 сом",https://im.mashina.kg/tachka/images//b/f/d/bfdd351153507123039e04dcc3d80bd1_240x180.jpg,"2001 г., 2.9 л., механика городской, дизель руль слева, 100 000 км"
Mercedes-Benz Междугородный,"$ 9 106
800 000 сом",https://im.mashina.kg/tachka/images//b/8/b/b8b6286c7a9f46ff54625ad4563825ef_240x180.jpg,"2003 г., 3 л., механика междугородный, дизель руль слева, 200 000 км"
Mercedes-Benz Городской,"$ 13 500
1 186 245 сом",https://im.mashina.kg/tachka/images//d/2/c/d2ce418e99365bb7c5376325673d6b59_240x180.jpg,"2006 г., 2.2 л., механика городской, дизель руль слева, 356 890 км"
Ford Transit,"$ 5 300
465 711 сом",https://im.mashina.kg/tachka/images//7/0/e/70e3d67d11efbf855801b2acb0a9b3d8_240x180.jpg,"2004 г., 2 л., механика специальный, дизель руль слева, 300 300 км"
Mercedes-Benz Городской,"$ 9 676
850 000 сом",https://im.mashina.kg/tachka/images//1/f/1/1f1dc1f2c9115ece5ad3e4e26cdf186e_240x180.jpg,"2003 г., 2.2 л., механика городской, дизель руль слева"
Mercedes-Benz Городской,"$ 9 000
790 650 сом",https://im.mashina.kg/tachka/images//4/b/8/4b8e52e3cdc4d5d25dc1145bd4cf54b0_240x180.jpg,"2002 г., 2.2 л., механика городской, дизель руль слева, 700 000 км"
Mercedes-Benz Городской,"$ 8 535
750 000 сом",https://im.mashina.kg/tachka/images//4/7/d/47d482a8835386e2af94bc2c0d3695b4_240x180.jpg,"2005 г., 2.2 л., механика городской, дизель руль слева, 437 000 км"
Ford Transit,"$ 1 479
130 000 сом",https://im.mashina.kg/tachka/images//9/2/2/922f67927fc9f84252318bf042b50de2_240x180.jpg,"1991 г., 2.4 л., механика междугородный, дизель руль слева"
Mercedes-Benz Городской,"$ 13 500
1 185 975 сом",https://im.mashina.kg/tachka/images//2/c/d/2cde8328fec84eee2af5855f4567de8c_240x180.jpg,"2009 г., 2.7 л., механика городской, дизель руль слева, 344 070 км"
Mercedes-Benz Туристический,"$ 19 000
1 669 150 сом",https://im.mashina.kg/tachka/images//2/5/4/2544dc89894d5e016cc6d459e9d74e79_240x180.jpg,"2009 г., 2.2 л., автомат туристический, дизель руль слева, 377 000 км"
Mercedes-Benz Туристический,"$ 11 300
992 931 сом",https://im.mashina.kg/tachka/images//7/0/e/70e4adbaac7491623a3d3ad6574c7eeb_240x180.jpg,"2003 г., 2.2 л., механика туристический, дизель руль слева, 340 000 км"
Mercedes-Benz Городской,"$ 8 194
720 000 сом",https://im.mashina.kg/tachka/images//4/c/9/4c99ddab6a5a875fd51ada7a5988f63b_240x180.jpg,"2002 г., 2.2 л., механика городской, дизель руль слева, 444 444 км"
Mercedes-Benz Городской,"$ 10 000
878 500 сом",https://im.mashina.kg/tachka/images//e/5/7/e577b206e5fc1812153365bb244ad42c_240x180.jpg,"2005 г., 2.2 л., механика городской, дизель руль слева, 300 000 км"
Mercedes-Benz Междугородный,"$ 10 000
878 500 сом",https://im.mashina.kg/tachka/images//b/0/f/b0f2b8d55289003ba2d667bde745f1e3_240x180.jpg,"1996 г., 2.9 л., механика междугородный, дизель руль слева"
Mercedes-Benz Междугородный,"$ 22 000
1 933 140 сом",https://im.mashina.kg/tachka/images//f/3/d/f3dbbab57db744a4b6b6403177e18722_240x180.jpg,"2012 г., 3.4 л., автомат междугородный, бензин руль слева, 300 000 км"
Mercedes-Benz Туристический,"$ 27 000
2 372 490 сом",https://im.mashina.kg/tachka/images//e/9/c/e9cca8186651be78b760a0b954162dbd_240x180.jpg,"2015 г., 3.2 л., автомат туристический, дизель руль слева"
Mercedes-Benz Городской,"$ 14 800
1 300 180 сом",https://im.mashina.kg/tachka/images//d/5/7/d577ab0ae998236a243026be1d353170_240x180.jpg,"2002 г., 2.9 л., механика городской, дизель руль слева, 14 725 км"
Mercedes-Benz Городской,"$ 8 500
746 895 сом",https://im.mashina.kg/tachka/images//4/d/7/4d7e8df43b7f4150acd1af97cfe1ad6e_240x180.jpg,"1998 г., 2.9 л., механика городской, дизель руль слева"
Mercedes-Benz Междугородный,"$ 12 700
1 115 949 сом",https://im.mashina.kg/tachka/images//7/e/b/7eb32b16d4aeb7f5be00ff47842d16de_240x180.jpg,"2008 г., 2.9 л., механика междугородный, дизель руль слева, 300 000 км"
Mercedes-Benz Туристический,"$ 8 500
746 895 сом",https://im.mashina.kg/tachka/images//4/f/7/4f7fae9a7839dcc7c79825a915bebb68_240x180.jpg,"2003 г., 2.5 л., механика туристический, дизель руль слева, 185 000 км"
Mercedes-Benz Городской,"$ 7 399
650 000 сом",https://im.mashina.kg/tachka/images//b/2/6/b260b62d2a0b8f410cfb4287a51ae877_240x180.jpg,"1996 г., 2.9 л., механика пригородный, дизель руль слева, 389 467 км"
Mercedes-Benz Междугородный,"$ 9 200
808 220 сом",,"1999 г., 2.9 л., механика междугородный, дизель руль слева, 672 621 км"
Mercedes-Benz Городской,"$ 8 500
746 895 сом",https://im.mashina.kg/tachka/images//6/3/4/634416eb3a8a96e42a0e1a7608fda240_240x180.jpg,"2008 г., 2.2 л., механика городской, дизель руль слева, 200 000 км"
Mercedes-Benz Городской,"$ 15 000
1 318 050 сом",https://im.mashina.kg/tachka/images//e/d/9/ed9d133b85c735cbcd37217a980700fa_240x180.jpg,"2008 г., 2.7 л., механика городской, дизель руль слева, 229 000 км"
Mercedes-Benz Городской,"$ 11 380
1 000 000 сом",https://im.mashina.kg/tachka/images//6/f/9/6f9417a379ccecdc15031ee782661676_240x180.jpg,"2014 г., 2.1 л., механика городской, дизель руль слева, 700 000 км"
Mercedes-Benz Туристический,"$ 11 000
966 350 сом",https://im.mashina.kg/tachka/images//6/9/9/6994ad857040822c2331f40d584ac9d5_240x180.jpg,"2003 г., 2.2 л., механика туристический, дизель руль слева, 300 000 км"
ГАЗ ВМ-3284,"$ 3 187
280 000 сом",https://im.mashina.kg/tachka/images//5/1/7/5174d45da76dad8397829c48a1f2c6c7_240x180.jpg,"2004 г., 2.2 л., механика вахтовый, дизель руль слева, 200 000 км"
Mercedes-Benz Городской,"$ 13 657
1 200 000 сом",,"2006 г., 2.2 л., механика пригородный, дизель руль слева"
Mercedes-Benz Городской,"$ 19 500
1 713 465 сом",https://im.mashina.kg/tachka/images//5/9/6/5968b2430c4147f345fc8e2406977f05_240x180.jpg,"2008 г., 2.7 л., механика городской, дизель руль слева, 55 500 км"
Mercedes-Benz Междугородный,"$ 8 535
750 000 сом",https://im.mashina.kg/tachka/images//f/6/5/f650a15991d2256074d81bd029cabb20_240x180.jpg,"2008 г., 2.2 л., механика междугородный, дизель руль слева, 460 000 км"
Mercedes-Benz Городской,"$ 13 500
1 185 975 сом",https://im.mashina.kg/tachka/images//4/a/c/4ac9dd652e99dc9e5f99dbe6a50944c8_240x180.jpg,"2001 г., 2.7 л., автомат городской, дизель руль слева, 230 000 км"
Mercedes-Benz Туристический,"$ 17 000
1 493 790 сом",https://im.mashina.kg/tachka/images//6/7/f/67f36e9bf03ff962a91b561bf79a7a0b_240x180.jpg,"2007 г., 2.2 л., механика туристический, дизель руль слева, 600 000 км"
Mercedes-Benz Туристический,"$ 23 000
2 021 010 сом",https://im.mashina.kg/tachka/images//7/d/9/7d986189679ede8e117106e4c7ab1705_240x180.jpg,"2017 г., 2.2 л., автомат туристический, дизель руль слева, 200 000 км"
Mercedes-Benz Городской,"$ 10 500
922 635 сом",https://im.mashina.kg/tachka/images//0/7/6/076a90b970120317eb0863a16c94fcb2_240x180.jpg,"2001 г., 2.2 л., механика городской, дизель руль слева, 195 000 км"
Mercedes-Benz Городской,"$ 11 500
1 010 505 сом",https://im.mashina.kg/tachka/images//7/e/5/7e5961f33f0b2f848674593fcde4f654_240x180.jpg,"2003 г., 2.7 л., механика городской, дизель руль слева, 500 000 км"
Mercedes-Benz Городской,"$ 17 071
1 500 000 сом",https://im.mashina.kg/tachka/images//8/6/2/8620e1f383c65ab3a881fab0c8379d76_240x180.jpg,"2007 г., 2.7 л., механика городской, дизель руль слева, 429 523 км"
Mercedes-Benz Туристический,"$ 13 000
1 142 310 сом",https://im.mashina.kg/tachka/images//5/0/8/508aac0ca7d76ad50d0eb3709199500f_240x180.jpg,"2003 г., 2.2 л., механика туристический, дизель руль слева, 190 000 км"
Mercedes-Benz Междугородный,"$ 11 000
966 350 сом",https://im.mashina.kg/tachka/images//7/9/8/7986615a4a6fc741e8bf4be2a5b670ba_240x180.jpg,"2001 г., 2.7 л., механика междугородный, дизель руль слева, 450 000 км"
Mercedes-Benz Городской,"$ 11 300
992 931 сом",https://im.mashina.kg/tachka/images//8/0/9/8096835720a057920d9f2983fbc108ec_240x180.jpg,"2005 г., 2.2 л., механика городской, дизель руль слева, 505 000 км"
Mercedes-Benz Междугородный,"$ 16 200
1 423 494 сом",https://im.mashina.kg/tachka/images//4/c/d/4cd561d637b0a3766e20780219f4df3c_240x180.jpg,"2011 г., 2.2 л., механика междугородный, дизель руль слева, 300 000 км"
Mercedes-Benz Туристический,"$ 21 500
1 889 205 сом",https://im.mashina.kg/tachka/images//d/5/b/d5b697642318bccd68ad7e3ec8737f8b_240x180.jpg,"2008 г., 2.2 л., автомат туристический, дизель руль слева, 420 000 км"
Ford Transit,"$ 5 235
460 000 сом",https://im.mashina.kg/tachka/images//c/0/e/c0e2daf9b8aececb33b81e0c7fa76c5d_240x180.jpg,"2002 г., 2 л., механика городской, бензин руль слева, 28 808 км"
Mercedes-Benz Междугородный,"$ 14 000
1 229 900 сом",https://im.mashina.kg/tachka/images//a/0/7/a07f6d1085aceef023e543bb306adcab_240x180.jpg,"1999 г., 2.9 л., механика междугородный, дизель руль слева"
Ford Transit,"$ 7 171
630 000 сом",https://im.mashina.kg/tachka/images//e/c/7/ec74b97aaba9964991e1dcb5bbea428a_240x180.jpg,"2013 г., 2.9 л., механика городской, дизель руль слева"
Mercedes-Benz Междугородный,"$ 11 700
1 027 845 сом",https://im.mashina.kg/tachka/images//6/c/6/6c6752db6091882cc71b81ecafe7e6c2_240x180.jpg,"2005 г., 2.2 л., механика междугородный, дизель руль слева"
Mercedes-Benz Городской,"$ 6 000
527 220 сом",https://im.mashina.kg/tachka/images//f/c/d/fcdea47119229f78fc9f517a57285d6f_240x180.jpg,"1996 г., 2.9 л., механика городской, дизель руль слева, 850 000 км"
Mercedes-Benz Междугородный,"$ 17 000
1 493 450 сом",,"2007 г., 2.2 л., механика междугородный, дизель руль слева, 635 123 км"
Mercedes-Benz Туристический,"$ 18 500
1 625 595 сом",https://im.mashina.kg/tachka/images//d/f/e/dfeb7cafc58508253939b7054f1bf681_240x180.jpg,"2007 г., 2 л., механика туристический, дизель руль слева, 400 000 км"
Mercedes-Benz Городской,"$ 9 106
800 000 сом",https://im.mashina.kg/tachka/images//3/7/c/37c6dff6218f4d337a9806d7b00f43a0_240x180.jpg,"2002 г., 2 л., механика городской, дизель руль слева, 223 000 км"
Mercedes-Benz Городской,"$ 10 245
900 000 сом",,"2002 г., 2.2 л., механика пригородный, дизель руль слева, 407 480 км"
Mercedes-Benz Городской,"$ 13 500
1 185 975 сом",,"2007 г., 2.2 л., механика городской, дизель руль слева, 450 690 км"
Ford Transit,"$ 6 602
580 000 сом",https://im.mashina.kg/tachka/images//8/7/3/8736175aa0f49fed2c7b14b38a73e0d7_240x180.jpg,"2011 г., 2.9 л., механика городской, дизель руль слева, 150 000 км"
Mercedes-Benz Городской,"$ 6 261
550 000 сом",,"1996 г., 2.9 л., механика городской, дизель руль слева, 283 000 км"
Mercedes-Benz Туристический,"$ 10 242
900 000 сом",https://im.mashina.kg/tachka/images//d/5/f/d5ff3566d430f56411e62d157a7eab3d_240x180.jpg,"2003 г., 2.2 л., механика туристический, дизель руль слева, 453 300 км"
Volkswagen Crafter,"$ 8 535
750 000 сом",https://im.mashina.kg/tachka/images//4/d/f/4df656ed2759ee152974d08ad4e25891_240x180.jpg,"2000 г., 2.9 л., механика городской, дизель руль слева"
Mercedes-Benz Городской,"$ 9 500
834 765 сом",https://im.mashina.kg/tachka/images//e/9/8/e9885fae2b1168a9fbe4d555d4981fda_240x180.jpg,"1999 г., 2.9 л., механика городской, дизель руль слева"
Ford Transit,"$ 5 975
525 000 сом",https://im.mashina.kg/tachka/images//a/a/c/aaccc96bf63896cae003b6f64d08f5b0_240x180.jpg,"2003 г., 2 л., механика специальный, дизель руль слева, 533 688 км"
Mercedes-Benz Междугородный,"$ 13 000
1 142 050 сом",https://im.mashina.kg/tachka/images//1/a/1/1a1f6eb90be75b1cbd6a6f93382eceee_240x180.jpg,"2014 г., 4.3 л., автомат междугородный, бензин / газ руль слева, 175 000 км"
Mercedes-Benz Городской,"$ 12 500
1 098 375 сом",https://im.mashina.kg/tachka/images//a/d/a/adad4a9a0283ff69eef6b859f06a5830_240x180.jpg,"2006 г., 2.2 л., механика городской, дизель руль слева, 645 913 км"
Mercedes-Benz Городской,"$ 15 500
1 361 985 сом",https://im.mashina.kg/tachka/images//0/e/a/0ea9e9d8a08ffdd7dd6e0c6a7b027c94_240x180.jpg,"2009 г., 3 л., автомат городской, дизель руль слева, 250 000 км"
Ford Transit,"$ 6 828
600 000 сом",https://im.mashina.kg/tachka/images//5/7/c/57c63ceb1f5e5fd8193eb88edbf9a212_240x180.jpg,"2011 г., 2.9 л., механика городской, дизель руль слева, 123 470 км"
Mercedes-Benz Городской,"$ 13 500
1 186 245 сом",https://im.mashina.kg/tachka/images//e/f/c/efc9e8a5d7cbc60eebca43b2f68acdba_240x180.jpg,"2010 г., 2 л., автомат городской, дизель руль слева"
Mercedes-Benz Городской,"$ 14 000
1 229 900 сом",https://im.mashina.kg/tachka/images//a/d/b/adbfb6dc3b97934d573b18ed353d66ab_240x180.jpg,"2015 г., 2.2 л., механика городской, дизель руль слева, 372 000 км"
Mercedes-Benz Городской,"$ 8 524
749 000 сом",https://im.mashina.kg/tachka/images//4/4/8/44850ccaf720c80cfaa565ad4d7c1de9_240x180.jpg,"2002 г., 2.9 л., механика городской, дизель руль слева, 21 000 км"
Mercedes-Benz Туристический,"$ 13 000
1 142 310 сом",https://im.mashina.kg/tachka/images//9/1/b/91b62a3ece65069b2d0524acfe43adbf_240x180.jpg,"2003 г., 2.7 л., механика туристический, дизель руль слева, 300 000 км"
Mercedes-Benz Городской,"$ 3 300
290 000 сом",https://im.mashina.kg/tachka/images//6/d/3/6d3495034ca2a10330e54537bbda8c8b_240x180.jpg,"2010 г., 3 л., механика городской, дизель руль слева, 568 889 км"
Mercedes-Benz Городской,"$ 14 700
1 291 689 сом",https://im.mashina.kg/tachka/images//b/9/0/b9062a108a1133c019d237606ebc931a_240x180.jpg,"2008 г., 2.2 л., автомат городской, дизель руль слева, 497 500 км"
Volkswagen Crafter,"$ 13 657
1 200 000 сом",,"2010 г., 2.5 л., механика междугородный, дизель руль слева, 340 000 км"
Mercedes-Benz Городской,"$ 20 000
1 757 400 сом",https://im.mashina.kg/tachka/images//d/0/5/d05defa0cbe3729add01f8afe3715240_240x180.jpg,"2008 г., 2.2 л., механика городской, дизель руль слева, 40 000 км"
Mercedes-Benz Городской,"$ 13 499
1 185 887 сом",https://im.mashina.kg/tachka/images//0/8/3/0835ca37bb63872115e13ace623d79ac_240x180.jpg,"2001 г., 2.7 л., робот городской, дизель руль слева"
Mercedes-Benz Туристический,"$ 15 000
1 318 050 сом",https://im.mashina.kg/tachka/images//2/9/9/299109f864013f7d00d2bd2babcd1543_240x180.jpg,"1998 г., 4 л., механика туристический, дизель руль слева, 470 000 км"
Mercedes-Benz Туристический,"$ 14 900
1 309 263 сом",https://im.mashina.kg/tachka/images//5/0/9/509943abcb7c67c397c482244107893d_240x180.jpg,"2005 г., 2.7 л., механика туристический, дизель руль слева, 196 853 км"
Mercedes-Benz Городской,"$ 9 106
800 000 сом",https://im.mashina.kg/tachka/images//1/4/0/140bc8c6c40a0b08c28e23873d1ec42b_240x180.jpg,"2008 г., 2.2 л., механика пригородный, дизель руль слева, 22 250 км"
Mercedes-Benz Городской,"$ 14 000
1 229 900 сом",https://im.mashina.kg/tachka/images//2/1/b/21beb178776ca1aa5e21ca14669a0a53_240x180.jpg,"2002 г., 2.2 л., механика городской, дизель руль слева, 470 000 км"
Mercedes-Benz Городской,"$ 10 000
878 700 сом",https://im.mashina.kg/tachka/images//c/4/7/c475611c81790264893b6ce7233a4d13_240x180.jpg,"2007 г., 2.2 л., механика городской, дизель руль слева, 288 000 км"
Mercedes-Benz Междугородный,"$ 8 200
720 370 сом",https://im.mashina.kg/tachka/images//0/7/6/0765eb4166e939f752d27e54a526362b_240x180.jpg,"1999 г., 2.9 л., механика междугородный, дизель руль слева"
Mercedes-Benz Городской,"$ 11 200
983 920 сом",https://im.mashina.kg/tachka/images//5/9/3/5938507ba2c0a1614a4fc760b5941ebd_240x180.jpg,"2000 г., 2.2 л., автомат городской, дизель руль слева, 245 000 км"
Mercedes-Benz Междугородный,"$ 12 000
1 054 440 сом",https://im.mashina.kg/tachka/images//8/a/d/8ad0a6896416d9a51146e78ae9e8dc56_240x180.jpg,"1997 г., 2.9 л., механика междугородный, дизель руль слева, 235 460 км"
King Long XMQ6900,"$ 7 966
700 000 сом",https://im.mashina.kg/tachka/images//3/0/d/30d566068c86a20231eebd5dac357455_240x180.jpg,"2007 г., 3.7 л., механика городской, дизель руль слева, 13 000 км"
Mercedes-Benz Городской,"$ 9 500
834 575 сом",https://im.mashina.kg/tachka/images//0/2/6/02692290d4aab0281ef8fefcf05c7b6a_240x180.jpg,"2000 г., 2.8 л., механика городской, дизель руль слева, 200 000 км"
Mercedes-Benz Городской,"$ 8 251
725 000 сом",https://im.mashina.kg/tachka/images//b/4/b/b4b0a20e3302b80f6aec12339f2b5b94_240x180.jpg,"2009 г., 2.9 л., механика городской, дизель руль слева, 20 000 км"
Mercedes-Benz Городской,"$ 18 000
1 581 660 сом",https://im.mashina.kg/tachka/images//8/8/c/88cd433e5588bc90cf0c309246eb6a58_240x180.jpg,"2007 г., 2.7 л., механика городской, дизель руль слева, 528 685 км"
Mercedes-Benz Туристический,"$ 12 500
1 098 125 сом",https://im.mashina.kg/tachka/images//4/6/2/46280fbdf4316ba942a9a1cde8cdf046_240x180.jpg,"1996 г., 2.9 л., механика туристический, дизель руль слева, 420 000 км"
Mercedes-Benz Городской,"$ 7 397
650 000 сом",https://im.mashina.kg/tachka/images//0/9/3/093e197789f977787f42b90dd789b3f4_240x180.jpg,"2004 г., 2.2 л., механика городской, дизель руль слева, 200 000 км"
Mercedes-Benz Городской,"$ 10 000
878 700 сом",https://im.mashina.kg/tachka/images//9/6/6/966ce7b19676e939be4a753726cd2a24_240x180.jpg,"2000 г., 2 л., механика городской, дизель руль слева, 560 000 км"
Volkswagen Crafter,"$ 9 673
850 000 сом",https://im.mashina.kg/tachka/images//1/1/4/114b8efe0328f117df5f4e48ba3fc4e3_240x180.jpg,"2011 г., 2.5 л., механика городской, дизель руль слева, 600 000 км"
Mercedes-Benz Городской,"$ 2 845
250 000 сом",https://im.mashina.kg/tachka/images//4/4/8/4487ea165debb4f915f73dd17b7c995a_240x180.jpg,"1991 г., 2.9 л., механика городской, дизель руль слева, 580 092 км"
Ford Transit,"$ 6 487
570 000 сом",https://im.mashina.kg/tachka/images//c/9/d/c9d53a5bf146b449c79ee675e8b17488_240x180.jpg,"2011 г., 2.2 л., механика городской, дизель руль слева, 123 070 км"
Mercedes-Benz Туристический,"$ 25 000
2 196 750 сом",https://im.mashina.kg/tachka/images//e/a/1/ea1da6a482c9da78535ff21fe9deaa0b_240x180.jpg,"2016 г., 2 л., механика туристический, дизель руль слева, 350 000 км"
Volkswagen Crafter,"$ 9 104
800 000 сом",https://im.mashina.kg/tachka/images//2/3/7/23785966a9328c025cf8d1a0ebb6a0d9_240x180.jpg,"2013 г., 2 л., автомат городской, дизель руль слева, 10 000 км"
Mercedes-Benz Городской,"$ 13 657
1 200 000 сом",https://im.mashina.kg/tachka/images//f/0/d/f0d98b145d988862da6f1b840e154fe2_240x180.jpg,"2003 г., механика пригородный, дизель руль слева, 542 665 км"
Mercedes-Benz Междугородный,"$ 7 200
632 520 сом",https://im.mashina.kg/tachka/images//c/3/c/c3c76d10e692d5f19aff0dba24c5d3f0_240x180.jpg,"1999 г., 3 л., механика междугородный, дизель руль слева, 40 000 км"
Mercedes-Benz Городской,"$ 6 601
580 000 сом",https://im.mashina.kg/tachka/images//2/7/d/27de78f2da78e4b902e6039a562c3ec2_240x180.jpg,"2004 г., 2.9 л., механика городской, дизель руль слева, 290 000 км"
Mercedes-Benz Туристический,"$ 9 999
878 612 сом",https://im.mashina.kg/tachka/images//1/b/9/1b9bc1fb9048a406e8fbf4a4ef747023_240x180.jpg,"2003 г., 2.7 л., механика туристический, дизель руль слева"
Ford Transit,"$ 7 056
620 000 сом",https://im.mashina.kg/tachka/images//6/e/5/6e5697d0110da25e578adccb5f1052fc_240x180.jpg,"2009 г., 2.9 л., механика городской, дизель руль слева"
Mercedes-Benz Междугородный,"$ 8 999
790 562 сом",https://im.mashina.kg/tachka/images//d/2/3/d230a6d327ba3aa5b34ae184de9b5c5e_240x180.jpg,"2003 г., 2.9 л., механика междугородный, дизель руль слева, 10 000 км"
Volkswagen Crafter,"$ 14 000
1 229 900 сом",https://im.mashina.kg/tachka/images//3/5/4/354951f8107821223ef6992bdc365f35_240x180.jpg,"2007 г., 2.5 л., механика междугородный, дизель руль слева"
Mercedes-Benz Междугородный,"$ 11 800
1 036 866 сом",https://im.mashina.kg/tachka/images//c/6/c/c6cdaacc1ded8b2e55ac60deb1bf9965_240x180.jpg,"2003 г., 2.2 л., механика междугородный, дизель руль слева, 224 000 км"
Mercedes-Benz Городской,"$ 14 999
1 317 962 сом",https://im.mashina.kg/tachka/images//f/6/2/f62cff2c6b0a055b1240cbff5a0c41e4_240x180.jpg,"2007 г., 2.2 л., автомат городской, дизель руль слева, 400 000 км"
Mercedes-Benz Городской,"$ 8 300
729 155 сом",https://im.mashina.kg/tachka/images//5/b/9/5b9dfa7b13eee8f7f03aee932828e09a_240x180.jpg,"2002 г., 2.9 л., механика городской, дизель руль слева, 820 000 км"
Mercedes-Benz Городской,"$ 7 966
700 000 сом",https://im.mashina.kg/tachka/images//2/f/5/2f5703107f267e2968f1e312cd7e285f_240x180.jpg,"2000 г., 2.9 л., механика городской, дизель руль слева"
Mercedes-Benz Междугородный,"$ 8 537
750 000 сом",https://im.mashina.kg/tachka/images//1/b/c/1bc4633b715ffc59112cfc88b3196e7a_240x180.jpg,"2009 г., 2.2 л., механика междугородный, дизель руль слева, 5 000 км"
Mercedes-Benz Городской,"$ 2 162
190 000 сом",https://im.mashina.kg/tachka/images//2/c/a/2ca453ef74e2bd874448df7b565e57ab_240x180.jpg,"1985 г., 3 л., механика городской, дизель руль слева"
Mercedes-Benz Городской,"$ 12 000
1 054 440 сом",https://im.mashina.kg/tachka/images//7/9/2/792c891251ca4009767a83d5a7505124_240x180.jpg,"2005 г., 2.2 л., механика городской, дизель руль слева, 112 200 км"
Mercedes-Benz Городской,"$ 1 707
150 000 сом",https://im.mashina.kg/tachka/images//1/5/7/15779f29c5281b598c5874ef1260879c_240x180.jpg,"1990 г., 2.9 л., механика городской, дизель руль слева, 549 690 км"
